-- V5__seed_test_data.sql
-- Mock seed data for TransitOps backend testing

-- 1. Users (password is 'password123' bcrypt hash)
INSERT INTO users (id, name, email, password_hash, role, status) VALUES
('00000000-0000-0000-0000-000000000001', 'Fleet Manager One', 'manager@transitops.com', '$2a$10$nKzN3O2iE7j4q7Jj1g.U/O9gW6tL.5GvTfG1eFv/C0lqN4r9l0lX2', 'FLEET_MANAGER', 'ACTIVE'),
('00000000-0000-0000-0000-000000000002', 'Dispatcher One', 'dispatcher@transitops.com', '$2a$10$nKzN3O2iE7j4q7Jj1g.U/O9gW6tL.5GvTfG1eFv/C0lqN4r9l0lX2', 'DISPATCHER', 'ACTIVE'),
('00000000-0000-0000-0000-000000000003', 'Safety Officer One', 'safety@transitops.com', '$2a$10$nKzN3O2iE7j4q7Jj1g.U/O9gW6tL.5GvTfG1eFv/C0lqN4r9l0lX2', 'SAFETY_OFFICER', 'ACTIVE'),
('00000000-0000-0000-0000-000000000004', 'Financial Analyst One', 'finance@transitops.com', '$2a$10$nKzN3O2iE7j4q7Jj1g.U/O9gW6tL.5GvTfG1eFv/C0lqN4r9l0lX2', 'FINANCIAL_ANALYST', 'ACTIVE');

-- 2. Vehicles (25 vehicles)
INSERT INTO vehicles (id, registration_number, name, type, max_load_capacity_kg, odometer_km, acquisition_cost, status, region, version) VALUES
('10000000-0000-0000-0000-000000000001', 'REG-001', 'Heavy Duty Semi 1', 'Semi-Truck', 15000.00, 120000.50, 85000.00, 'AVAILABLE', 'North', 0),
('10000000-0000-0000-0000-000000000002', 'REG-002', 'Heavy Duty Semi 2', 'Semi-Truck', 15000.00, 95000.00, 85000.00, 'ON_TRIP', 'North', 0),
('10000000-0000-0000-0000-000000000003', 'REG-003', 'Heavy Duty Semi 3', 'Semi-Truck', 18000.00, 150000.20, 90000.00, 'IN_SHOP', 'South', 0),
('10000000-0000-0000-0000-000000000004', 'REG-004', 'Heavy Duty Semi 4', 'Semi-Truck', 15000.00, 320000.00, 80000.00, 'RETIRED', 'East', 0),
('10000000-0000-0000-0000-000000000005', 'REG-005', 'Medium Box Truck 1', 'Box-Truck', 8000.00, 75000.00, 45000.00, 'AVAILABLE', 'West', 0),
('10000000-0000-0000-0000-000000000006', 'REG-006', 'Medium Box Truck 2', 'Box-Truck', 8000.00, 82000.00, 45000.00, 'ON_TRIP', 'South', 0),
('10000000-0000-0000-0000-000000000007', 'REG-007', 'Medium Box Truck 3', 'Box-Truck', 8000.00, 110000.00, 43000.00, 'IN_SHOP', 'East', 0),
('10000000-0000-0000-0000-000000000008', 'REG-008', 'Light Cargo Van 1', 'Cargo-Van', 2000.00, 45000.00, 28000.00, 'AVAILABLE', 'North', 0),
('10000000-0000-0000-0000-000000000009', 'REG-009', 'Light Cargo Van 2', 'Cargo-Van', 2000.00, 52000.00, 28000.00, 'AVAILABLE', 'South', 0),
('10000000-0000-0000-0000-000000000010', 'REG-010', 'Light Cargo Van 3', 'Cargo-Van', 2000.00, 60000.00, 27000.00, 'AVAILABLE', 'East', 0),
('10000000-0000-0000-0000-000000000011', 'REG-011', 'Light Cargo Van 4', 'Cargo-Van', 2500.00, 31000.50, 30000.00, 'AVAILABLE', 'West', 0),
('10000000-0000-0000-0000-000000000012', 'REG-012', 'Refrigerated Truck 1', 'Reefer', 12000.00, 88000.00, 75000.00, 'AVAILABLE', 'North', 0),
('10000000-0000-0000-0000-000000000013', 'REG-013', 'Refrigerated Truck 2', 'Reefer', 12000.00, 94000.00, 75000.00, 'ON_TRIP', 'South', 0),
('10000000-0000-0000-0000-000000000014', 'REG-014', 'Flatbed Trailer 1', 'Flatbed', 20000.00, 105000.00, 55000.00, 'AVAILABLE', 'East', 0),
('10000000-0000-0000-0000-000000000015', 'REG-015', 'Flatbed Trailer 2', 'Flatbed', 20000.00, 115000.00, 55000.00, 'AVAILABLE', 'West', 0),
('10000000-0000-0000-0000-000000000016', 'REG-016', 'Sprinter Delivery Van 1', 'Cargo-Van', 3000.00, 25000.00, 35000.00, 'AVAILABLE', 'North', 0),
('10000000-0000-0000-0000-000000000017', 'REG-017', 'Sprinter Delivery Van 2', 'Cargo-Van', 3000.00, 27000.00, 35000.00, 'AVAILABLE', 'South', 0),
('10000000-0000-0000-0000-000000000018', 'REG-018', 'Heavy Semi 5', 'Semi-Truck', 16000.00, 130000.00, 87000.00, 'AVAILABLE', 'East', 0),
('10000000-0000-0000-0000-000000000019', 'REG-019', 'Heavy Semi 6', 'Semi-Truck', 16000.00, 140000.00, 87000.00, 'AVAILABLE', 'West', 0),
('10000000-0000-0000-0000-000000000020', 'REG-020', 'Box Truck 4', 'Box-Truck', 7500.00, 68000.00, 42000.00, 'AVAILABLE', 'North', 0),
('10000000-0000-0000-0000-000000000021', 'REG-021', 'Box Truck 5', 'Box-Truck', 7500.00, 71000.00, 42000.00, 'AVAILABLE', 'South', 0),
('10000000-0000-0000-0000-000000000022', 'REG-022', 'Box Truck 6', 'Box-Truck', 7500.00, 74000.00, 42000.00, 'AVAILABLE', 'East', 0),
('10000000-0000-0000-0000-000000000023', 'REG-023', 'Flatbed Trailer 3', 'Flatbed', 22000.00, 132000.00, 58000.00, 'AVAILABLE', 'West', 0),
('10000000-0000-0000-0000-000000000024', 'REG-024', 'Reefer Truck 3', 'Reefer', 11500.00, 99000.00, 73000.00, 'AVAILABLE', 'North', 0),
('10000000-0000-0000-0000-000000000025', 'REG-025', 'Sprinter Delivery Van 3', 'Cargo-Van', 3200.00, 15000.00, 36000.00, 'AVAILABLE', 'South', 0);

-- 3. Drivers (25 drivers)
-- Some are linked to user accounts, some are not. Some have expired licenses, some soon-to-expire, some valid.
INSERT INTO drivers (id, user_id, name, license_number, license_category, license_expiry, contact_number, safety_score, status, version) VALUES
('20000000-0000-0000-0000-000000000001', '00000000-0000-0000-0000-000000000002', 'John Doe', 'LIC-001', 'Class A CDL', '2027-12-31', '+15550101', 95.5, 'AVAILABLE', 0),
('20000000-0000-0000-0000-000000000002', NULL, 'Jane Smith', 'LIC-002', 'Class A CDL', '2028-06-30', '+15550102', 98.0, 'ON_TRIP', 0),
('20000000-0000-0000-0000-000000000003', NULL, 'Robert Johnson', 'LIC-003', 'Class B CDL', '2026-07-20', '+15550103', 88.0, 'AVAILABLE', 0), -- Expiring soon (less than 30 days from July 12, 2026)
('20000000-0000-0000-0000-000000000004', NULL, 'Michael Brown', 'LIC-004', 'Class B CDL', '2026-06-01', '+15550104', 75.0, 'OFF_DUTY', 0), -- Already expired (expired June 1, 2026)
('20000000-0000-0000-0000-000000000005', NULL, 'William Davis', 'LIC-005', 'Class C', '2027-01-15', '+15550105', 92.0, 'SUSPENDED', 0),
('20000000-0000-0000-0000-000000000006', NULL, 'David Miller', 'LIC-006', 'Class A CDL', '2028-04-12', '+15550106', 99.5, 'ON_TRIP', 0),
('20000000-0000-0000-0000-000000000007', NULL, 'Richard Wilson', 'LIC-007', 'Class B CDL', '2026-07-25', '+15550107', 91.0, 'AVAILABLE', 0), -- Expiring soon (July 25, 2026)
('20000000-0000-0000-0000-000000000008', NULL, 'Joseph Taylor', 'LIC-008', 'Class A CDL', '2026-07-15', '+15550108', 84.5, 'AVAILABLE', 0), -- Expiring very soon (July 15, 2026)
('20000000-0000-0000-0000-000000000009', NULL, 'Thomas Anderson', 'LIC-009', 'Class C', '2028-09-09', '+15550109', 96.0, 'AVAILABLE', 0),
('20000000-0000-0000-0000-000000000010', NULL, 'Charles Thomas', 'LIC-010', 'Class B CDL', '2029-01-01', '+15550110', 90.0, 'AVAILABLE', 0),
('20000000-0000-0000-0000-000000000011', NULL, 'Christopher Jackson', 'LIC-011', 'Class A CDL', '2027-10-10', '+15550111', 93.0, 'AVAILABLE', 0),
('20000000-0000-0000-0000-000000000012', NULL, 'Daniel White', 'LIC-012', 'Class B CDL', '2026-05-15', '+15550112', 65.0, 'SUSPENDED', 0), -- Expired & Suspended
('20000000-0000-0000-0000-000000000013', NULL, 'Matthew Harris', 'LIC-013', 'Class A CDL', '2028-11-20', '+15550113', 97.2, 'AVAILABLE', 0),
('20000000-0000-0000-0000-000000000014', NULL, 'Anthony Martin', 'LIC-014', 'Class B CDL', '2026-08-05', '+15550114', 89.0, 'AVAILABLE', 0), -- Expiring soon (August 5, 2026)
('20000000-0000-0000-0000-000000000015', NULL, 'Mark Thompson', 'LIC-015', 'Class A CDL', '2027-04-04', '+15550115', 94.0, 'AVAILABLE', 0),
('20000000-0000-0000-0000-000000000016', NULL, 'Donald Garcia', 'LIC-016', 'Class C', '2026-07-01', '+15550116', 82.0, 'OFF_DUTY', 0), -- Expired
('20000000-0000-0000-0000-000000000017', NULL, 'Steven Martinez', 'LIC-017', 'Class B CDL', '2028-12-12', '+15550117', 95.0, 'AVAILABLE', 0),
('20000000-0000-0000-0000-000000000018', NULL, 'Paul Robinson', 'LIC-018', 'Class A CDL', '2029-05-05', '+15550118', 97.8, 'AVAILABLE', 0),
('20000000-0000-0000-0000-000000000019', NULL, 'Andrew Clark', 'LIC-019', 'Class B CDL', '2026-07-18', '+15550119', 85.0, 'AVAILABLE', 0), -- Expiring soon (July 18, 2026)
('20000000-0000-0000-0000-000000000020', NULL, 'Joshua Rodriguez', 'LIC-020', 'Class A CDL', '2027-07-07', '+15550120', 91.5, 'AVAILABLE', 0),
('20000000-0000-0000-0000-000000000021', NULL, 'Kenneth Lewis', 'LIC-021', 'Class C', '2028-03-03', '+15550121', 88.5, 'AVAILABLE', 0),
('20000000-0000-0000-0000-000000000022', NULL, 'Kevin Lee', 'LIC-022', 'Class B CDL', '2026-07-31', '+15550122', 92.3, 'AVAILABLE', 0), -- Expiring soon (July 31, 2026)
('20000000-0000-0000-0000-000000000023', NULL, 'Brian Walker', 'LIC-023', 'Class A CDL', '2029-07-12', '+15550123', 96.5, 'AVAILABLE', 0),
('20000000-0000-0000-0000-000000000024', NULL, 'George Hall', 'LIC-024', 'Class B CDL', '2027-02-28', '+15550124', 90.0, 'AVAILABLE', 0),
('20000000-0000-0000-0000-000000000025', NULL, 'Edward Allen', 'LIC-025', 'Class A CDL', '2028-01-01', '+15550125', 94.2, 'AVAILABLE', 0);

-- 4. Trips (30 trips)
-- Mix of COMPLETED, DISPATCHED, DRAFT, CANCELLED
INSERT INTO trips (id, source, destination, vehicle_id, driver_id, cargo_weight_kg, planned_distance_km, actual_distance_km, fuel_consumed_l, revenue, status, created_by, dispatched_at, completed_at) VALUES
('30000000-0000-0000-0000-000000000001', 'New York', 'Boston', '10000000-0000-0000-0000-000000000001', '20000000-0000-0000-0000-000000000001', 5000.00, 350.00, 352.50, 95.00, 1200.00, 'COMPLETED', '00000000-0000-0000-0000-000000000002', '2026-07-01 08:00:00+00', '2026-07-01 14:00:00+00'),
('30000000-0000-0000-0000-000000000002', 'Chicago', 'Detroit', '10000000-0000-0000-0000-000000000002', '20000000-0000-0000-0000-000000000002', 8000.00, 450.00, NULL, NULL, 1500.00, 'DISPATCHED', '00000000-0000-0000-0000-000000000002', '2026-07-12 06:00:00+00', NULL),
('30000000-0000-0000-0000-000000000003', 'Miami', 'Orlando', '10000000-0000-0000-0000-000000000005', '20000000-0000-0000-0000-000000000003', 3000.00, 380.00, 378.00, 80.00, 1000.00, 'COMPLETED', '00000000-0000-0000-0000-000000000002', '2026-07-02 09:00:00+00', '2026-07-02 15:30:00+00'),
('30000000-0000-0000-0000-000000000004', 'Los Angeles', 'San Francisco', '10000000-0000-0000-0000-000000000006', '20000000-0000-0000-0000-000000000006', 6000.00, 600.00, NULL, NULL, 2200.00, 'DISPATCHED', '00000000-0000-0000-0000-000000000002', '2026-07-12 05:00:00+00', NULL),
('30000000-0000-0000-0000-000000000005', 'Seattle', 'Portland', '10000000-0000-0000-0000-000000000008', '20000000-0000-0000-0000-000000000009', 1500.00, 280.00, 281.20, 45.00, 750.00, 'COMPLETED', '00000000-0000-0000-0000-000000000002', '2026-07-03 07:00:00+00', '2026-07-03 11:30:00+00'),
('30000000-0000-0000-0000-000000000006', 'Dallas', 'Houston', '10000000-0000-0000-0000-000000000009', '20000000-0000-0000-0000-000000000010', 1800.00, 390.00, 392.00, 52.00, 850.00, 'COMPLETED', '00000000-0000-0000-0000-000000000002', '2026-07-04 10:00:00+00', '2026-07-04 16:00:00+00'),
('30000000-0000-0000-0000-000000000007', 'Denver', 'Salt Lake City', '10000000-0000-0000-0000-000000000010', '20000000-0000-0000-0000-000000000011', 1200.00, 850.00, 855.00, 130.00, 2400.00, 'COMPLETED', '00000000-0000-0000-0000-000000000002', '2026-07-05 06:00:00+00', '2026-07-05 18:00:00+00'),
('30000000-0000-0000-0000-000000000008', 'Atlanta', 'Charlotte', '10000000-0000-0000-0000-000000000012', '20000000-0000-0000-0000-000000000013', 9000.00, 380.00, 380.00, 98.00, 1600.00, 'COMPLETED', '00000000-0000-0000-0000-000000000002', '2026-07-06 08:30:00+00', '2026-07-06 14:30:00+00'),
('30000000-0000-0000-0000-000000000009', 'Phoenix', 'Las Vegas', '10000000-0000-0000-0000-000000000013', '20000000-0000-0000-0000-000000000006', 7500.00, 480.00, NULL, NULL, 1800.00, 'DISPATCHED', '00000000-0000-0000-0000-000000000002', '2026-07-12 09:00:00+00', NULL),
('30000000-0000-0000-0000-000000000010', 'Philadelphia', 'Washington DC', '10000000-0000-0000-0000-000000000014', '20000000-0000-0000-0000-000000000015', 11000.00, 220.00, 225.00, 65.00, 900.00, 'COMPLETED', '00000000-0000-0000-0000-000000000002', '2026-07-07 11:00:00+00', '2026-07-07 14:30:00+00'),
('30000000-0000-0000-0000-000000000011', 'Nashville', 'Memphis', '10000000-0000-0000-0000-000000000015', '20000000-0000-0000-0000-000000000017', 12000.00, 340.00, 340.00, 85.00, 1300.00, 'COMPLETED', '00000000-0000-0000-0000-000000000002', '2026-07-08 09:00:00+00', '2026-07-08 14:00:00+00'),
('30000000-0000-0000-0000-000000000012', 'San Diego', 'Los Angeles', '10000000-0000-0000-0000-000000000016', '20000000-0000-0000-0000-000000000018', 2000.00, 190.00, 191.50, 32.00, 500.00, 'COMPLETED', '00000000-0000-0000-0000-000000000002', '2026-07-09 13:00:00+00', '2026-07-09 16:00:00+00'),
('30000000-0000-0000-0000-000000000013', 'New York', 'Newark', '10000000-0000-0000-0000-000000000017', '20000000-0000-0000-0000-000000000020', 2500.00, 30.00, 31.00, 8.50, 150.00, 'COMPLETED', '00000000-0000-0000-0000-000000000002', '2026-07-10 10:00:00+00', '2026-07-10 11:15:00+00'),
('30000000-0000-0000-0000-000000000014', 'Houston', 'San Antonio', '10000000-0000-0000-0000-000000000018', '20000000-0000-0000-0000-000000000021', 10000.00, 320.00, 323.00, 92.00, 1100.00, 'COMPLETED', '00000000-0000-0000-0000-000000000002', '2026-07-11 07:00:00+00', '2026-07-11 12:00:00+00'),
-- Drafts
('30000000-0000-0000-0000-000000000015', 'Seattle', 'Spokane', '10000000-0000-0000-0000-000000000019', '20000000-0000-0000-0000-000000000023', 5000.00, 450.00, NULL, NULL, 1350.00, 'DRAFT', '00000000-0000-0000-0000-000000000002', NULL, NULL),
('30000000-0000-0000-0000-000000000016', 'Chicago', 'Indianapolis', '10000000-0000-0000-0000-000000000020', '20000000-0000-0000-0000-000000000024', 4000.00, 290.00, NULL, NULL, 900.00, 'DRAFT', '00000000-0000-0000-0000-000000000002', NULL, NULL),
('30000000-0000-0000-0000-000000000017', 'Boston', 'Providence', '10000000-0000-0000-0000-000000000021', '20000000-0000-0000-0000-000000000025', 2000.00, 80.00, NULL, NULL, 300.00, 'DRAFT', '00000000-0000-0000-0000-000000000002', NULL, NULL),
-- Cancelled
('30000000-0000-0000-0000-000000000018', 'Miami', 'Key West', '10000000-0000-0000-0000-000000000022', '20000000-0000-0000-0000-000000000011', 3000.00, 260.00, NULL, NULL, 780.00, 'CANCELLED', '00000000-0000-0000-0000-000000000002', '2026-07-09 09:00:00+00', NULL),
-- More Completed Trips (to reach 30)
('30000000-0000-0000-0000-000000000019', 'Denver', 'Colorado Springs', '10000000-0000-0000-0000-000000000023', '20000000-0000-0000-0000-000000000013', 8000.00, 110.00, 110.00, 31.00, 450.00, 'COMPLETED', '00000000-0000-0000-0000-000000000002', '2026-07-10 08:00:00+00', '2026-07-10 10:00:00+00'),
('30000000-0000-0000-0000-000000000020', 'Pittsburgh', 'Cleveland', '10000000-0000-0000-0000-000000000024', '20000000-0000-0000-0000-000000000015', 9000.00, 210.00, 212.00, 58.00, 700.00, 'COMPLETED', '00000000-0000-0000-0000-000000000002', '2026-07-11 14:00:00+00', '2026-07-11 17:30:00+00'),
('30000000-0000-0000-0000-000000000021', 'St. Louis', 'Kansas City', '10000000-0000-0000-0000-000000000025', '20000000-0000-0000-0000-000000000017', 2500.00, 400.00, 405.00, 55.00, 1100.00, 'COMPLETED', '00000000-0000-0000-0000-000000000002', '2026-07-05 08:00:00+00', '2026-07-05 14:00:00+00'),
('30000000-0000-0000-0000-000000000022', 'Detroit', 'Toledo', '10000000-0000-0000-0000-000000000001', '20000000-0000-0000-0000-000000000018', 4500.00, 95.00, 95.00, 24.50, 320.00, 'COMPLETED', '00000000-0000-0000-0000-000000000002', '2026-07-06 09:00:00+00', '2026-07-06 10:45:00+00'),
('30000000-0000-0000-0000-000000000023', 'Sacramento', 'Reno', '10000000-0000-0000-0000-000000000005', '20000000-0000-0000-0000-000000000020', 6000.00, 210.00, 215.00, 68.00, 800.00, 'COMPLETED', '00000000-0000-0000-0000-000000000002', '2026-07-07 10:00:00+00', '2026-07-07 14:00:00+00'),
('30000000-0000-0000-0000-000000000024', 'Salt Lake City', 'Provo', '10000000-0000-0000-0000-000000000008', '20000000-0000-0000-0000-000000000021', 1200.00, 70.00, 70.00, 12.00, 220.00, 'COMPLETED', '00000000-0000-0000-0000-000000000002', '2026-07-08 08:00:00+00', '2026-07-08 09:30:00+00'),
('30000000-0000-0000-0000-000000000025', 'Las Vegas', 'St. George', '10000000-0000-0000-0000-000000000009', '20000000-0000-0000-0000-000000000023', 1500.00, 190.00, 190.00, 28.00, 500.00, 'COMPLETED', '00000000-0000-0000-0000-000000000002', '2026-07-09 11:00:00+00', '2026-07-09 14:00:00+00'),
('30000000-0000-0000-0000-000000000026', 'Baltimore', 'Washington DC', '10000000-0000-0000-0000-000000000010', '20000000-0000-0000-0000-000000000025', 1800.00, 60.00, 60.00, 10.50, 180.00, 'COMPLETED', '00000000-0000-0000-0000-000000000002', '2026-07-10 13:00:00+00', '2026-07-10 14:30:00+00'),
('30000000-0000-0000-0000-000000000027', 'Tampa', 'St. Petersburg', '10000000-0000-0000-0000-000000000011', '20000000-0000-0000-0000-000000000001', 2000.00, 40.00, 41.00, 7.80, 160.00, 'COMPLETED', '00000000-0000-0000-0000-000000000002', '2026-07-11 09:00:00+00', '2026-07-11 10:15:00+00'),
('30000000-0000-0000-0000-000000000028', 'Jacksonville', 'Savannah', '10000000-0000-0000-0000-000000000012', '20000000-0000-0000-0000-000000000003', 7000.00, 220.00, 220.00, 54.00, 750.00, 'COMPLETED', '00000000-0000-0000-0000-000000000002', '2026-07-02 08:00:00+00', '2026-07-02 11:30:00+00'),
('30000000-0000-0000-0000-000000000029', 'Louisville', 'Cincinnati', '10000000-0000-0000-0000-000000000014', '20000000-0000-0000-0000-000000000007', 8000.00, 160.00, 161.00, 42.00, 520.00, 'COMPLETED', '00000000-0000-0000-0000-000000000002', '2026-07-03 10:00:00+00', '2026-07-03 12:30:00+00'),
('30000000-0000-0000-0000-000000000030', 'Indianapolis', 'Louisville', '10000000-0000-0000-0000-000000000015', '20000000-0000-0000-0000-000000000008', 8500.00, 185.00, 185.00, 48.00, 600.00, 'COMPLETED', '00000000-0000-0000-0000-000000000002', '2026-07-04 09:00:00+00', '2026-07-04 12:00:00+00');

-- 5. Maintenance Logs (15 logs)
-- status is OPEN or CLOSED.
INSERT INTO maintenance_logs (id, vehicle_id, description, cost, status, created_by, created_at, closed_at) VALUES
('40000000-0000-0000-0000-000000000001', '10000000-0000-0000-0000-000000000003', 'Engine oil change and filter replacement', 150.00, 'OPEN', '00000000-0000-0000-0000-000000000001', '2026-07-11 08:00:00+00', NULL),
('40000000-0000-0000-0000-000000000002', '10000000-0000-0000-0000-000000000007', 'Transmission fluid flush', 300.00, 'OPEN', '00000000-0000-0000-0000-000000000001', '2026-07-11 09:00:00+00', NULL),
('40000000-0000-0000-0000-000000000003', '10000000-0000-0000-0000-000000000001', 'Brake pad replacement front', 250.00, 'CLOSED', '00000000-0000-0000-0000-000000000001', '2026-06-15 08:00:00+00', '2026-06-15 12:00:00+00'),
('40000000-0000-0000-0000-000000000004', '10000000-0000-0000-0000-000000000002', 'Tire rotation and balancing', 80.00, 'CLOSED', '00000000-0000-0000-0000-000000000001', '2026-06-16 08:00:00+00', '2026-06-16 10:00:00+00'),
('40000000-0000-0000-0000-000000000005', '10000000-0000-0000-0000-000000000005', 'AC system recharge', 120.00, 'CLOSED', '00000000-0000-0000-0000-000000000001', '2026-06-17 08:00:00+00', '2026-06-17 11:00:00+00'),
('40000000-0000-0000-0000-000000000006', '10000000-0000-0000-0000-000000000006', 'Headlight bulb replacement', 45.00, 'CLOSED', '00000000-0000-0000-0000-000000000001', '2026-06-18 08:00:00+00', '2026-06-18 09:00:00+00'),
('40000000-0000-0000-0000-000000000007', '10000000-0000-0000-0000-000000000008', 'Windshield replacement', 350.00, 'CLOSED', '00000000-0000-0000-0000-000000000001', '2026-06-19 08:00:00+00', '2026-06-19 14:00:00+00'),
('40000000-0000-0000-0000-000000000008', '10000000-0000-0000-0000-000000000009', 'Spark plug replacement', 180.00, 'CLOSED', '00000000-0000-0000-0000-000000000001', '2026-06-20 08:00:00+00', '2026-06-20 12:00:00+00'),
('40000000-0000-0000-0000-000000000009', '10000000-0000-0000-0000-000000000010', 'Battery check and clean terminals', 20.00, 'CLOSED', '00000000-0000-0000-0000-000000000001', '2026-06-21 08:00:00+00', '2026-06-21 08:30:00+00'),
('40000000-0000-0000-0000-000000000010', '10000000-0000-0000-0000-000000000011', 'Alternator replacement', 400.00, 'CLOSED', '00000000-0000-0000-0000-000000000001', '2026-06-22 08:00:00+00', '2026-06-22 15:00:00+00'),
('40000000-0000-0000-0000-000000000011', '10000000-0000-0000-0000-000000000012', 'Coolant system flush', 150.00, 'CLOSED', '00000000-0000-0000-0000-000000000001', '2026-06-23 08:00:00+00', '2026-06-23 11:00:00+00'),
('40000000-0000-0000-0000-000000000012', '10000000-0000-0000-0000-000000000013', 'Brake rotor resurfacing', 160.00, 'CLOSED', '00000000-0000-0000-0000-000000000001', '2026-06-24 08:00:00+00', '2026-06-24 13:00:00+00'),
('40000000-0000-0000-0000-000000000013', '10000000-0000-0000-0000-000000000014', 'Wheel alignment', 90.00, 'CLOSED', '00000000-0000-0000-0000-000000000001', '2026-06-25 08:00:00+00', '2026-06-25 10:00:00+00'),
('40000000-0000-0000-0000-000000000014', '10000000-0000-0000-0000-000000000015', 'Suspension strut replacement', 600.00, 'CLOSED', '00000000-0000-0000-0000-000000000001', '2026-06-26 08:00:00+00', '2026-06-26 17:00:00+00'),
('40000000-0000-0000-0000-000000000015', '10000000-0000-0000-0000-000000000016', 'Replace air filters cabin and engine', 60.00, 'CLOSED', '00000000-0000-0000-0000-000000000001', '2026-06-27 08:00:00+00', '2026-06-27 09:30:00+00');

-- 6. Fuel Logs (15 logs)
-- liters and cost. Log date.
INSERT INTO fuel_logs (id, vehicle_id, trip_id, liters, cost, log_date) VALUES
('50000000-0000-0000-0000-000000000001', '10000000-0000-0000-0000-000000000001', '30000000-0000-0000-0000-000000000001', 95.00, 380.00, '2026-07-01'),
('50000000-0000-0000-0000-000000000002', '10000000-0000-0000-0000-000000000005', '30000000-0000-0000-0000-000000000003', 80.00, 320.00, '2026-07-02'),
('50000000-0000-0000-0000-000000000003', '10000000-0000-0000-0000-000000000008', '30000000-0000-0000-0000-000000000005', 45.00, 180.00, '2026-07-03'),
('50000000-0000-0000-0000-000000000004', '10000000-0000-0000-0000-000000000009', '30000000-0000-0000-0000-000000000006', 52.00, 208.00, '2026-07-04'),
('50000000-0000-0000-0000-000000000005', '10000000-0000-0000-0000-000000000010', '30000000-0000-0000-0000-000000000007', 130.00, 520.00, '2026-07-05'),
('50000000-0000-0000-0000-000000000006', '10000000-0000-0000-0000-000000000012', '30000000-0000-0000-0000-000000000008', 98.00, 392.00, '2026-07-06'),
('50000000-0000-0000-0000-000000000007', '10000000-0000-0000-0000-000000000014', '30000000-0000-0000-0000-000000000010', 65.00, 260.00, '2026-07-07'),
('50000000-0000-0000-0000-000000000008', '10000000-0000-0000-0000-000000000015', '30000000-0000-0000-0000-000000000011', 85.00, 340.00, '2026-07-08'),
('50000000-0000-0000-0000-000000000009', '10000000-0000-0000-0000-000000000016', '30000000-0000-0000-0000-000000000012', 32.00, 128.00, '2026-07-09'),
('50000000-0000-0000-0000-000000000010', '10000000-0000-0000-0000-000000000017', '30000000-0000-0000-0000-000000000013', 8.50, 34.00, '2026-07-10'),
('50000000-0000-0000-0000-000000000011', '10000000-0000-0000-0000-000000000018', '30000000-0000-0000-0000-000000000014', 92.00, 368.00, '2026-07-11'),
('50000000-0000-0000-0000-000000000012', '10000000-0000-0000-0000-000000000023', '30000000-0000-0000-0000-000000000019', 31.00, 124.00, '2026-07-10'),
('50000000-0000-0000-0000-000000000013', '10000000-0000-0000-0000-000000000024', '30000000-0000-0000-0000-000000000020', 58.00, 232.00, '2026-07-11'),
('50000000-0000-0000-0000-000000000014', '10000000-0000-0000-0000-000000000001', NULL, 50.00, 200.00, '2026-07-12'), -- Non-trip fuel log
('50000000-0000-0000-0000-000000000015', '10000000-0000-0000-0000-000000000002', NULL, 60.00, 240.00, '2026-07-12'); -- Non-trip fuel log

-- 7. Expenses (15 expenses)
-- category: TOLL, MAINTENANCE, OTHER. Logged on some vehicles.
INSERT INTO expenses (id, vehicle_id, category, amount, expense_date, description) VALUES
('60000000-0000-0000-0000-000000000001', '10000000-0000-0000-0000-000000000001', 'TOLL', 15.00, '2026-07-01', 'Highway toll NY-MA'),
('60000000-0000-0000-0000-000000000002', '10000000-0000-0000-0000-000000000005', 'TOLL', 20.00, '2026-07-02', 'Highway toll FL-OR'),
('60000000-0000-0000-0000-000000000008', '10000000-0000-0000-0000-000000000008', 'TOLL', 10.00, '2026-07-03', 'Bridge toll WA-OR'),
('60000000-0000-0000-0000-000000000003', '10000000-0000-0000-0000-000000000001', 'MAINTENANCE', 250.00, '2026-06-15', 'Brake pad replacement'),
('60000000-0000-0000-0000-000000000004', '10000000-0000-0000-0000-000000000002', 'MAINTENANCE', 80.00, '2026-06-16', 'Tire rotation'),
('60000000-0000-0000-0000-000000000005', '10000000-0000-0000-0000-000000000005', 'MAINTENANCE', 120.00, '2026-06-17', 'AC system recharge'),
('60000000-0000-0000-0000-000000000006', '10000000-0000-0000-0000-000000000006', 'MAINTENANCE', 45.00, '2026-06-18', 'Headlight bulb replacement'),
('60000000-0000-0000-0000-000000000007', '10000000-0000-0000-0000-000000000008', 'MAINTENANCE', 350.00, '2026-06-19', 'Windshield replacement'),
('60000000-0000-0000-0000-000000000009', '10000000-0000-0000-0000-000000000009', 'OTHER', 50.00, '2026-07-04', 'Cab cleaning service'),
('60000000-0000-0000-0000-000000000010', '10000000-0000-0000-0000-000000000010', 'OTHER', 75.00, '2026-07-05', 'Cargo strap replacements'),
('60000000-0000-0000-0000-000000000011', '10000000-0000-0000-0000-000000000011', 'TOLL', 12.00, '2026-07-06', 'Bridge toll CA-NV'),
('60000000-0000-0000-0000-000000000012', '10000000-0000-0000-0000-000000000012', 'MAINTENANCE', 150.00, '2026-06-23', 'Coolant system flush'),
('60000000-0000-0000-0000-000000000013', '10000000-0000-0000-0000-000000000013', 'MAINTENANCE', 160.00, '2026-06-24', 'Brake rotor resurfacing'),
('60000000-0000-0000-0000-000000000014', '10000000-0000-0000-0000-000000000014', 'OTHER', 100.00, '2026-07-07', 'Driver overnight parking allowance'),
('60000000-0000-0000-0000-000000000015', '10000000-0000-0000-0000-000000000015', 'OTHER', 120.00, '2026-07-08', 'Permit registration fee');
